hobby,address
dancing,"428 3street Michigan US"
dancing,"547 20street Washington US"
dancing,"1252 6street Utah US"
dancing,"1309 4street Hawaii US"
dancing,"1182 4street Nevada US"
dancing,"1775 19street Wyoming US"
dancing,"1841 9street California US"
dancing,"700 6street Hawaii US"
dancing,"877 20street Pennsylvania US"
dancing,"1820 18street Michigan US"
dancing,"1547 3street Texas US"
dancing,"999 1street Masachussets US"
dancing,"908 17street Wyoming US"
dancing,"271 20street Washington US"
dancing,"860 17street Wyoming US"
dancing,"665 21street Colarado US"
dancing,"555 14street Illinois US"
dancing,"2053 18street Michigan US"
dancing,"188 20street Colarado US"
swimming,"1258 7street Hawaii US"
swimming,"1775 19street Wyoming US"
swimming,"702 25street California US"
swimming,"841 14street Illinois US"
swimming,"1182 4street Nevada US"
swimming,"1309 4street Hawaii US"
swimming,"188 20street Colarado US"
swimming,"1343 21street Nevada US"
swimming,"1400 2street Pennsylvania US"
swimming,"523 9street Wyoming US"
swimming,"1866 21street Utah US"
swimming,"323 8street Wyoming US"
swimming,"1768 12street Wyoming US"
swimming,"838 7street Masachussets US"
swimming,"700 6street Hawaii US"
swimming,"1244 18street Florida US"
swimming,"652 9street Nevada US"
swimming,"208 16street Illinois US"
swimming,"526 15street Pennsylvania US"
swimming,"222 24street Florida US"
swimming,"1031 21street Michigan US"
swimming,"815 9street Hawaii US"
swimming,"262 19street Michigan US"
swimming,"999 1street Masachussets US"
swimming,"656 22street Washington US"
swimming,"1587 17street Utah US"
swimming,"694 18street Utah US"
swimming,"429 7street Utah US"
swimming,"1222 13street Illinois US"
swimming,"1869 22street California US"
swimming,"1635 4street Utah US"
swimming,"1252 6street Utah US"
